1jpm;A;ALA;19 135 160 162 296 297 298 321 323 324 327
2yx7;A;GLN;73 77 96 97 98 99 100 101 102
2e1c;A;GLN;80 81 85 86 87 88 130 158 159 160 161
2e1c;A;LYS;138 141 142 153 154 155
1qht;A;DTP;404 405 406 407 408 409 410 460 487 488 491 492 494 495 541 542 578 580
6cjf;A;ZWI;83 84 86 88 172 177 206 207 208 246 247 248 249 250 251 253 278 279 329 331 352
2w6r;A;GUO;7 9 19 22 25 50 51 52 55 81 82 83 102 103 104 133 135 149 150 174 176 180 181 182 183 206 207 208 209 227 228 229 230
5x6z;D;SAM;209 210 211 212 229 230 231 232 470 471 472 473 487 488 489 491 494 554
1nko;A;CEQ;64 66 74 77 87 124 126
5cae;B;GTP;20 44 51 52 53 54 55 56 67 69 107 108 109 110 111 114 219 220 222
1mac;B;BGC;22 24 63 92 96 97 178
4dmz;B;C2E;161 365 367 370 388 391 395 398 399 402
4gvr;A;N4M;94 95 96 107 109 119 121 122 125 140 171 180 183 186 187 190 193 194 222 225 226 229 272 273 277 280
6kx4;A;GOC GOF;289 292 293 296 355 358 359 362 381 385 387 388 392 393 396 397 399 400 407 409
4ok2;B;MAV LGU;136 138 146 148 198 200 201 202 261 311 413 438 449 450
4ljp;A;L6B L6E;878 880 885 886 887 888 889 891 974 981
5v49;A;ACP;247 248 249 250 256 258 259 261 262 516 518 545 546 547 548
5v49;A;2EN;247 248 250 287 289 290 368 456 471 472 473 474 476 477 478 480 481 519 522 523
7l8q;A;L9C L9U;63 65 66 166 167 170
4m23;B;AKG;132 151 154 156 167 169 180 303 304 305 317 319 321
7se6;A;8W1 8WP;167 168 170 191 192 193 194 218 236 237 238 243 246 247
4brr;E;79N;43 44 47 48 120
1vju;B;0PA;45 47 52 70 72 74 268 269 272 273
1nwh;B;NAP;8 9 10 11 12 13 14 36 37 38 39 73 74 75 76 98 99 166 167 169 353 354 357 358
5uzv;Z;DA;32 36 78 85 92 96 152
4jyc;C;GDP GNP;63 64 65 66 67 68 69 70 71 108 154 156 157 201 202 203 204 241 242 243 244
1muf;A;1L4;245 252 255 256 263 264 265 266 267 268 274 305 335 336 337
6lgy;A;A6L;131 132 135 142
3p08;B;2V1 UQX N42 0BG 7G8 4UQ ZB9 L9S UP9 HRA B43 73T 5WF 04K 5WH 1E8 0GW LHL DTJ 6MV GJD 4RV N6Z YXJ ULV 0B0 KLP UB6 4C9 83P RQS 03C 7GB V1G Y8H 1N1 UM4 KLM 0CI ULY BNB Y7W LTJ WKC 2V3 4US BA0 KHD IS4 04L 4RU R1L GJG 0B9 481 Y8C 027 8E8 GJ7;406 407 408 409 410 411 412 413 414 415 416 428 429 430 431 432 437 442 445 446 448 449 450 452 457 458 459 460 472 473 474 475 476 477 478 479 480 481 482 483 484 487 488 490 512 517 519 521 525 526 527 528 537 538 539 540 541 542 543 545 546 547 548 551
3p08;B;5WE FPZ UM4 LHL;395 397 421 425 426 427 450 451 452 453 459 460 461
1l0w;B;AMO;1177 1199 1201 1204 1223 1225 1230 1231 1232 1235 1237 1239 1442 1443 1476 1477 1478 1479 1480 1481 1483 1524 1525 1526 1527 1528 1530 1531 1542
6cy1;A;GDP;122 123 124 125 126 127 128 129 133 160 267 268 270 293 294 295 296
6ksu;A;E7L;62 63 154 156 226 284 288 293 305 306 307 308 446
1e5l;B;NDP;10 11 12 13 14 32 33 34 35 38 54 55 56 57 75 76 77 78 80 81 98 99 124 125 126 127 174 175 395 399
1e5l;B;SHR;78 98 99 100 126 127 155 156 157 174 178 182 223 224 245 246 247 395
8c3u;A;K3Y S8D S7G S7V T91 M25;20 36 37 38 39 40 41 62 63 64 65 151 152
7btc;B;E7S;10 12 40 61 62 63 64 69 70 74 78 81 106
7oue;A;8HG;24 51 52 54 58 62 142 143 146 149 172 174 177 208 212
3vsk;B;CEF;391 392 395 429 447 448 450 522 524 603 619 620 621 623 632 659 660
4z4l;A;BGC;171 172 174 184 355 372
7s5g;A;TWA;90 93 97 101 104 138 139
3l15;A;KXH;347 349 350 352 354 355 382 383 386 389 406
8jis;R;UK1;31 33 34 137 138 141 144 145 148 197 198 200 201 202 204 205 220 226 229 230 233 298 300 384 388
7ciu;A;COA ACO;29 30 33 34 35 128 129 130 131 132 133 137 138 139 140 141 142 143 144 164 165 166 167 168 170 171 174 177
6dau;E;SP5;30 31 32 33 74 75 84 85 86 87 120 121 122 134 148 149 160
6dau;E;ACO;30 31 85 86 87 88 89 93 94 95 96 97 98 99 100 121 122 123 127 128 129 130 132 133 134 136
2zco;A;POP;45 48 52 133 165 168 171 172 265
1m1z;A;PCX;323 326 348 349 350 351 352 357 373 380 382 443
3vjb;D;D3A D99;51 52 53 54 69 73 76 175 176 179 180 183 184 187 207 208 211 212 215 276 288 289 291 292 295 325
1wxe;A;NAD;132 136 140 170 171 172 173 225 226 227 254 260 261 266
5h61;B;UDP;64 65 66 72 88 200 203 207 237 239 240 241 340
5fio;B;GLC GLO;12 14 15 62 63 65 111 153 155 156 230 262 330
5fio;B;GLC;62 63 65 66 153 154 155 330 340 344
5mkb;B;GLC;58 61 78 80 81 162 163 164 343 353
4rjz;A;GLC FRU;36 37 41 66 89 90 142 195 196 199 245 265 297 298 299 333 367
6x84;A;G3P;42 65 66 67 119 121 169 172 230 247 283 284 323 374
6dtr;A;GLC;29 32 59 64 83 131 133 258 260 296 334
7nbz;B;A1H5E;9 17 18 42 43 44 65 67 68 69 111 113 164 165 166 169 220 238 240 274 275 276 306 310 312 345
2heu;C;GLA;26 27 28 29 78 127 175 259 293
2heu;C;FRU;26 57 58 59 60 78 369
2fk7;A;6RQ 3AV M6H;42 146 149 150 178 204 205 209 212 213 214 241 274 278 282 287
3dfj;A;B3C 1JZ GBS;85 126 130 131 132 134 205 214 221 232 233 234 235 236 237 238 256 257 258 259 260 261 262 267 268 269
3s6w;A;F5W;567 586 599 601
5f5j;A;DFP L61 V87 ISM SV1 L62 L6C;149 150 153 154 157 189 197 198 199 200 201 202 204 205 208 233 236 237 240 245 247 249 250 253 254
5f5j;A;78C;153 156 157 229 232 236
1nbf;B;EZF 8RN CQ5 DVU 9QD 9QA 8QQ 8WN DYO QBL 8WK;223 224 291 292 293 294 295 296 297 351 405 406 407 408 409 410 418 419 420 456 458 459 460 461 462 463 465 512 514
6jp2;A;ANP;120 150 152 157 158 159 160 162 164 217 218 219 220 221 243 244 245 247 248 259
3g56;B;ERY;17 20 21 59 62 65 66 69 89 92 93 102 103 105 106 122 123 126 147 150 151 154 155
1k0n;A;N70;188 207 210 211 214
3mo4;A;DFU;34 36 46 47 85 86 131 170 172 174 217 283 290
2cl3;A;RW7;53 54 97 105 106 108 109 124 127 128 188 191
4i8y;A;CHT;211 212 213 254 258
5f7q;C;GLC;89 91 92 151 166 192 216 217 218 219 220 221 222 338 378
6u9c;A;CVI;1 4 5 6 7 8 33 34
1un1;B;BGC;87 89 102 104 106 114 174 179
1un1;B;XYS;174 176 178 179
6n95;D;KG7;241 261
2j5i;J;ACO;28 29 30 32 64 68 69 70 71 72 73 76 116 118 119 120 142 143 146 148
6ace;A;MCM;71 158 223 224 254 255
6ace;A;MCM;221 223 224 225 226 227 232 255 259 260
6ace;A;BU2;70 71 83 223 251 253 254
5ar2;B;BW8;24 26 32 45 47 66 69 70 78 79 93 95 96 97 98 99 101 135 142 143 144 153 162 163 164 165 169 170
4m66;A;1FN;28 36 49 51 61 62 64 65 68 73 74 93 95 96 97 98 99 101 132 139 141 150 159 160 161 162
1fl1;B;25G;44 52 76 79 80 83 84 87 89 90 102 105 106 109 110 139 189 191 192 193 194
3naq;A;NAD;98 122 123 125 146 147 150 199 200 201 202 203 220 221 222 223 254 255 256 257 260 261 282 283 284 308 309 332 334 335 376 377
6eif;B;IWU;376 377 422 423 424 453 457 458
1dqz;A;6Y3 6Y1;209 232 235 236 239 252 253 254
1dqz;A;DH9;39 40 76 123 124 125 148 150 161 162 164 165 213 224 227 228 260 265
4nog;A;BGC;93 96 97 100
4ni8;D;VNL;86 89 90 93
7bp1;B;GTQ;28 63 64 65 168 169 170 171 189 190 193 295
6qlb;C;3SU;2 5 9 28 31 32 35 36 73 77
7l1z;B;XYP;36 47 49 77 107 109 164 165 166 217 218 221
5f3k;B;ANP;115 119 120 122 123 158 161 162 163 171 172 177 204 205 251
6f56;B;LYS;183 184 185 187 298 311 469 470 471
7b6q;A;LVV O3D;204 226 229 230 234 237 249 253
8hyn;A;C2E;166 167 170 171 233 235 236 237 238 252 254 255 256
3lo7;A;IM2 CEF PNM;221 222 225 261 280 281 283 337 339 424 425 426 427 429 439 441 463 464 465 466 468 469 470 471 472 473 474
1py3;C;SGP 3GP 2GP;34 37 38 39 40 41 42 43 44 56 67 71 86 87
7js3;D;F6P;29 57 58 62 84 86 87 88 90 116 187 211 214
4f7d;B;FAD;52 66 67 68 69 82 83 84 86 89 90 91 92 93 132 135 266 267 268 269 270 271
7qlu;A;D8M 46S 5G1 TP5 IMI 463 601 0GM 011 47V 47M 0HT F5N U1H 46X F02 LNR ZSJ D5V DD4 R9J 46L TUU 4AQ 3AI 6LZ 45M 479 AES 47H 47R BEN V15 7SP R9Y ZSS 78B DCL REG R9S 4AV RBJ 47K 47A RD4 FLK GGB RB7 RE4 46J 47L F63 D6A RQD 46P D6S RDV F41 R8P 47G 5HQ;10 16 33 35 37 38 42 77 78 79 80 81 83 115 116 119 122 125 133 135 194 217 219 221 222 300 302 304
3w59;D;2XU WYD;28 29 30 31 33 44 46 48 52 59 61 68 71 73 123 124 125
7opp;C;05Y;11 90 91 92 93 122 123 181 184 185
3rwo;B;GNP;7 8 9 61
6uw3;A;FO1;45 54 55 56 57 59 75 97 98 99 100 104 108 165 166 169 170 173
6pj6;U;6UQ;50 51 54 55 59
1rxd;C;4XA;12 13 14 15 123 131 158
2e3k;B;LDR 7WY 79C AC2 JGF 8M6 ULB ULK QCW HFU V9N UM5 4K4 V9H 9HZ QJ1 1K0 JW4 ULE;366 367 370 371 372 374 375 376 377 380 381 383 386 425 428 429 430 433 434 435 438
6bn5;B;DZS DZV;79 80 83 84 262 263 264 265 266 269 280 281 283
8slb;A;DMU;99 101 106 108 131 133 134 165 167 170 171 174
8slb;A;DMU;22 97 110 111 113 124 125 174 177 178 181 224 228
8slb;A;DMU;94 95 96 97 111 227 228 231
8slb;A;DMU;171 174 175 178 179 182
1efh;B;4OA;14 16 17 18 72 73 77 80 82 99 133 134 137 139 140 160 231 234 238
3kje;A;ADP;8 9 10 11 12 13 14 15 37 40 191 192 215 216 217 218 221 222 225
1os2;B;6PJ;231 232 233 240 241 243 247 249 250 251 252
5eo7;A;FSW;166 168 177 189 199 201 203 227 229 245 247 248
7jhk;D;GAL;276 282 289 300 303 305 306 331 333 334 356
4f0i;A;4EK YMX A4U 31Y 69C;515 516 517 518 520 521 523 541 543 559 562 563 566 571 572 588 589 590 591 592 593 594 595 598 645 647 653 654 655 656 665 666 667 668 671 672
3via;B;SEP;13 15 16 17 18 19 20 22 46
6ur2;A;XG4 DGT DTP NG3;615 653 654 655 656 657 658 680 682 702 703 706 707 710 711 714 793 830 865
3nax;A;AZ7 P47 21O 2A2 R2S 78W MJF SVQ 1F8 R1S A06 S26 J30 RF4;76 113 115 118 119 124 127 128 131 148 149 150 155 156 157
3nax;A;RF4;168 171 172 175 274 278 279 280
1pt7;A;MET;18 96 97 98 99 124 125 126 136 137 138 200
1x0m;A;KYA;44 46 47 155 159 370 384 387 388 393
3cjj;A;V6V;56 57 58 92
3eom;D;UFO;106 138 139 250 254 257 373 374
5ihb;A;FVP SIA;21 46 48 50 67 68 117 119 125 126 127 128 129 130 133
1sh0;A;CTP N5C;166 168 174 182 242 243 244 245 246 247 298 300 305 309 343 344 374
6kyq;A;AN2 RXT;396 397 398 399 400 401 402 404 417 419 449 465 466 467 468 472 515 516 517 518 532 533
3vzc;A;POP ADP;22 23 24 25 26 54 55 56 57 58 79 80 81 82 83 86 111 112 113 185 191 343
1ffh;A;ALF;106 107 108 111 112 135 138 188 189 190
7aut;A;ANP;55 58 100 101 102 103 170 171
2h98;B;CCU;97 98 99 127 128 129 146 147 195 196 202 203 227
5f2m;D;G3H P6T M2P P6F G3P;25 27 28 29 30 31 32 34 68 92 94 95 96 125 127 129 163 165 205 248 249 250 251 275 276 277 278 279
5op0;B;2KH;74 122 140 142 176 178 179 180 182 234 240 241 242 248
1k7k;A;ITT;7 8 9 10 13 16 41 53 68 69 70 71 85 86 95 98 118 154 155 156 157 177 182 183
2gme;B;MAN;83 132 134 136 222
2gme;B;MAN;85 86 104 105 106 132 137 219 220 221 222
5lxh;B;SAT;61 76 77 78 84 87
8t2l;A;2JI;83 86 87 88 90 91 98 102
4pun;A;6OK;102 103 106 156 158 201 203 229 230 231 232 233 260 261 281 282 283 286 287
4pun;A;QXB R4W;44 45 46 47 53 54 59 285 347 351
7n6z;A;U1U;124 134 143 145 147 194 196 197 198 199 200 209 230 231 232 277 358 359
3fut;A;MTA ADN;25 26 27 28 29 53 54 55 56 74 75 76 77 80 98 99 100 117 118 119 121 122
4d2o;B;NXL;69 70 73 105 130 132 166 170 216 220 234 235 236 237
5f12;A;AMP;143 144 145 146 179 182 183 186
5giz;B;HEM;46 47 71 72 87 88 89 109 133 190 192 193 198 204 205 206 225 279 280 283 284
6owy;A;GLU;70 72 74 77
5mca;A;3X8 FYZ KGM Z47 HNW MAN HNV CWK 6LS DEG 5US 6KU EJN J73 BWG CWX XNS 3XJ 3XN 6KS 51C FK9 6KH MMA 3XO 6K3 5U7 FVQ;1 13 14 45 46 47 48 49 50 51 52 54 98 133 134 135 137 138 140 142
2vrk;B;AHR;26 28 30 73 74 99 175 176 240 242 298 302 314 346 347 352
2yjr;A;729 I3K YMX 34Y U4W 45Q;1122 1123 1124 1127 1130 1148 1150 1167 1170 1171 1174 1179 1180 1196 1197 1198 1199 1200 1201 1202 1203 1210 1240 1245 1247 1253 1254 1255 1256 1268 1269 1270 1271
6h1o;B;PHE TRP;17 20 42 44 47 48 49 51 72 73 74 188 354
3nsh;B;LPD;14 15 20 161 162 163 167 175 176 177
4k86;A;ANP 1XK 1UI 91Y;152 154 156 157 158 161 162 163 164 165 167 169 237 238 239 240 242 274 275 276 278 512
4k86;A;PRO F96 HFG;87 92 93 97 98 99 100 101 120 121 123 124 152 169 171 173 216 240 242 272 273 274
7l5l;B;Q3J;45 53 54 60 62 64 76 106 108 112 113 114 115 116 130 132 133 137 139 141
1naw;B;2AN;87 88 90 91 93 110 111 112 113 114 120 122
1naw;B;UPG UTP EPU UD1;22 23 26 91 92 95 117 119 120 121 122 123 124 125 160 161 162 163 164 165 188 304 305 327 328 329 331 350 370 371
5azq;A;NBE;143 146 147 150 151 152
2he7;A;K0A HGE;215 216 217 219 295 300 312 323 326
2he7;A;WGM;300 310 311 312 323 324 325 326
2he7;A;VVG WHM;150 190 191 192 195 196 386 387 388 389 390
2he7;A;9KS;316 318 319 320 321 331 332 333
6i1s;A;LU8 M2Z Q5Z;202 203 204 205 206 208 227 230 232 266 267 269 282
6i1s;A;XH7;242 243 246
6i1s;A;T5Y;227 228 232 266
6i1s;A;YV4;252 253 254 255 256 257 258 265
6i1s;A;LU8;206 208 236 269 271 276 278 280 282
1t9r;A;5CO NI5 CIA;612 725 765 767 768 775 778 779 782 783 786 787 804 813 816 817 820 824
4gu8;H;MAN BMA;36 64 67 85
4gu8;H;MAN;66 67 84 85 86 87
1hp1;A;MTN;93 94 120 121 420 424 521 522 523 524
6xue;A;4NC;42 91 92 328 331 332 335 408
1n05;A;ADP;30 32 33 34 35 36 37 38 39 40 44 45 46 47 97 98 99 102 104 105 106 107 108
1n05;A;FMN;33 34 36 45 47 64 79 81 96 121 122 123 124 125 126 132 136 139
2ofm;X;HEM;25 28 38 40 42 44 55 57 59 68 70 86 88 105 107 119 121 123 125 128 133 166
8e1j;B;ANP;123 138 195 197 201 204 206 221 248 249 250 251 258 260 276 277 321 323 332 333 335
2biv;B;MLZ;182 185 188 190 206 209 213
1nn6;A;OHH 0BB;43 45 60 96 98 101 104 192 193 194 195 196 197 211 212 213 214 215 216 222
1fdp;A;DFP DIC E7W J6T E7H E8B E7E E88 J7B 5WD SOA;41 42 57 58 60 61 189 190 191 192 193 194 195 213 214 215 216 217 218 219 220 225 226 227
8g25;H;FUC;77 78 79 80 97 98 99
2oqu;A;I3C;20 49 51
4trm;E;1TN 8PC JPM TCU 1S5 2TK 1US XT0;95 96 97 98 103 149 155 156 157 158 161 165 193 194 196 198 199 200 201 202 203 207 214 215 217 218
3bv9;B;166 15U GR4 167 157;42 57 60A 60D 60F 97A 98 99 148 149 149A 149B 174 189 190 191 192 193 194 195 213 214 215 216 217 219 220 226 227
1s8c;C;HEM;18 25 28 29 32 134 135 138 139 142 179 183 206 207 210
1s8c;C;Q80;28 31 32 35 47 50 54 136 139 140 143 147 167 211 214 215
1xhx;B;DGT;249 250 251 252 253 254 255 371 383 384 387 390 391 457 458
3aar;A;M27;103 104 109 139 143 144 145 146
4xrg;A;AG2;3 4 6 31 32 33 34 35 36 38
1kg5;A;ADE;193 194 195
5ajo;A;LU2;253 255 266 270 282 361 362 363
3e9p;A;SY4 UVO VIK WD8 VBO WCB;1840 1843 1844 1961 1962 1963 1964 2002 2005 2006 2009 2010 2013 2056 2059 2080 2083 2084 2087
3e9p;A;VVK VO9;1962 2013 2016 2017 2059 2060 2062 2063 2066 2067 2082 2083 2086 2087
1omx;A;UD2 UD1;72 73 74 76 101 130 132 135 151 152 153 181 193 213 215 242 243 244 245 246 289 293
5bca;A;GLC EBG EPG BGC;16 19 49 51 85 87 89 90 94 95 96 97 170 171 172 287 330 367 396 397
5bca;A;GLC;95 170 172 174 178 289 290 292 293 330 331 369
2qg5;D;DRK;34 35 36 42 55 57 86 102 103 104 105 109 152 155 168
3lck;A;242 AM6 ODJ 1N8 AM5;251 259 271 272 273 280 284 285 288 290 291 292 295 300 301 314 316 317 318 319 320 322 323 326 355 360 362 371 380 381 382 383 384 389
4xg2;A;FPX FPW FPU;377 378 385 400 401 402 417 420 421 423 424 427 432 433 435 438 446 448 449 450 451 452 453 454 455 485 490 492 501 510 511 512 513 515
7qni;AAA;APR NAI NAD;39 41 42 45 47 70 71 72 96 97 98 99 100 102 105 140 141 143 144 145 146 149 151 152 153 162 181 182 183 184 185 186 189 193 196 200 254 255 263 267 277 278
7qni;AAA;E9I;144 149 150 151 152 153 164 166 200 254 255 256 258 259 263 267 277 361 362
1ezl;C;DRU REP;281 365 366 367 384 386 387 388
3odn;A;O18;164 165 168 171 172 191 194 195 198 216 217 259 263 267 359 360 363 366 510
4aal;A;BU3;66 67 69 139 143 144 147 341 342 343 344
6lio;B;TF3;70 71 72 73 74 75 78 80 81 130 133 134 137 146 147 150 151 154 155 382 384
6s3p;A;ADP ALF MF4;67 68 69 72 92 93 94 95 96 97 98 99 124 172 209 212 255 256 258 435 436 437 438 462 464
1byi;A;ATP ADP ACP;10 11 12 13 14 15 16 17 37 54 115 118 175 176 177 203 204 205 206 207 210 211
4qas;A;MTA;9 13 48 49 72 73 74 120 122 123 124 125 135 136 137 138 157 160 161 163 168 171
1f47;B;WAC;10 12 42 44 62 63 64 65 66 67 68 69 83 85
4r40;D;POP;70 105 106 107 155 158 162
5ck1;A;GAL;66 67 83 86 371 467 468
3dfa;A;ANP AMP;13 14 15 16 17 18 19 21 34 36 84 85 86 90 134 136 149 150 153
4goy;A;GZN GZW H0N H0B H0H H08 GZT H0Q GZK GZQ;12 14 16 48 50 56 57 58 59 60 62 93 95 101 102 103 132 134 181 186 213 214 215 216 217 224
7uvw;N;OIY;1 2 3
8j1k;A;42Z;198 199 202 203 280 283 284 286 288 289 290 292 324 367
1k1x;B;GLC;182 183 187 213 217 221 274 278
3iun;A;ZPR;253 458 461 538 539 564 579 583 624 625
7yx7;A;TCK;96 649 652 656
7yx7;A;TCK;151 452 455 531 532 533 558 564 572 576 619 620 652
6f4m;A;HRL S2G OGA PD2 HRF HR3 2MR NMM HR9 O2U HRR 2HG AKG;238 239 240 241 242 243 248 270 271 272 274 275 310 316 317 318 319 321 323 327 329 336 394 400 402 410 412 414
6pnt;A;ZWN;21 78 82 85 86 89 92 109 110 111 113 114 142 280 281 361 362
1fwk;C;THR HSE ILE;16 17 22 23 134 138 140 141 183 187 235 260 261
1p74;A;ATR;126 127 128 129 130 149 150 151 154 187 188 189 190 214
3bif;A;ANP;46 47 48 49 50 51 52 53 54 156 158 163 167 170 171 190 217 220 221 246 426 427
8h0n;B;SAH SFG SAM;55 56 57 77 78 79 80 110 111 112 113 131 132 133 134 135 136 209 210 211 212
1pfz;C;IH4 A1T 48Q;11 14 15 17 32 34 36 37 41 42 43 75 82 105 108 111 114 115 117 118 120 121 122 123 192 212 214 216 217 218 219 290 292 294 300
3pgs;B;C8E;387 411 413
4ei8;A;GDP;24 25 26 27 29 30 54 120 121 122 123 124 125 126 127 149 151 155 159 185 204 205 208 209 212
7jrb;A;VHY;88 123 125 126 164 166 168 185 337 346 380 381 382 383 442 444 459 461 463 465
6up2;A;ADP;195 199 223 224 225 226 227 228 229 230 267 327 529 548 551 553 597
1xqz;A;ANP JKW XIT XIJ;44 45 47 48 49 50 52 65 67 73 89 104 120 121 122 123 124 126 127 128 169 171 172 174 185 186
3f0f;B;795 F69;62 63 64 67 69 70 73 77 78 81 85
4omg;A;AHD GGS EXW;80 102 103 106 107 110 149 177 180 181 182 183 185 186 189 216 220 224 227 228 281 285 288 294 295
1g24;C;ADP NAD NIR;2079 2080 2083 2084 2087 2091 2127 2128 2129 2130 2131 2133 2134 2167 2169 2174 2175 2176 2182 2183 2186 2209 2210 2211 2212 2214
6czp;B;P4K;1 9 158
6aqe;B;ADP;5 6 9 12 13 14 18 19
6j35;B;GLC;708 709 734 737 738 745 746 812
8s32;A;ATP;29 30 31 32 50 51 52 86 87 88 89 90 149 150 153 397 413 414 415 453 477 478 479 480 487 492 494
5lqj;C;7JN 705 77S 77L 611 6PS 77M 77G TCW OZS 619 77P 72W 7JP OZZ 637 766 77H BIA DNC LU1 7JX OZR 659 610 DNI O01 763 7JE 7JK 75Z 8JE FBN 76S 662 72M 77Q 76G 7JO 719 6P5 542 769 72O 77N 76T 76B 77R;38 40 41 42 46 65 66 67 68 89 90 91 92 95 117 118 119 120 141 142 143 144 146 147 150 169 170 173 174 198 199 201
5lqj;C;2X1;91 92 93 94 143 145 146
5ojx;A;9XB;173 174 177 188 191 192 199 203 210 213 214 217 220 222 225
2epl;X;NGT;95 170 223 224 267 307 309 310 340 374 376
2xtp;A;GDP GTP;30 31 32 33 34 35 36 37 49 50 51 52 55 56 57 58 80 146 147 149 182 183 184 185
7ymf;A;ANP ADP;156 157 158 182 199 200 201 202 203 204 207 225 226 227 228 229 230 231 232 278 281 285 348
1bfn;A;GLC BGC;17 20 53 55 89 91 93 94 95 98 99 101 184 295 420
7moi;B;IHP;125 126 127 128 129 130
2jfy;B;KRH 003;10 11 13 14 17 149 150 152 154 182 183 186 244 248 252 253
2jfp;A;I24;14 15 17 18 38 152 153 155 157 187 190 246 247 249 250 253 254
4nfc;A;SIA;3 29 46 96 107 108 109 110 112
3h11;B;B94;319 320 322 323 326 381 384 386 452 453 454
7djn;A;IMN;198 199 202 203 206 207 210 211 214 215 218 219 238 343 451
7djn;A;9DN PJ2 IC4;111 114 115 142 145 146 149 154 157 161 185 186 189 190
7djn;A;PJ2;115 123 134 135 138 139 142 154 157 158 161 165 189 190
7djn;A;PLM;10 14 22 23 46 66 70 150 152 250 251 254 257 258 283 284 287
7djn;A;SAS;394 401 402 405 406 409 410 413 529 540 541 544 545 548
7djn;A;9IZ;153 156 157 159 160 281 285 288 289 292
4j2p;A;FMN;60 61 62 63 64 65 74 77 78 81 84 88
2bei;B;ACO;24 27 28 91 92 93 94 95 96 100 101 102 103 104 105 106 107 127 128 129 133 135 136 138 139 140 142
3iec;B;SJ0;57 59 67 80 82 100 104 113 127 129 130 131 132 133 134 135 136 179 180 182 192 193 196
1mwr;A;PNM;402 403 406 446 461 462 464 519 521 583 598 599 600 601 602 613 641 642
5l02;B;ADP;571 573 730 734
5z6c;A;RAM;20 52 175 176 179 180 250 251 252 255
6iu0;B;FL3;41 42 76 77
6ltf;A;ICA;70 72 80 82 83 86 96 118 125 231 235 262
6ltf;A;NAD;13 67 68 69 70 71 72 82 86 244 245 260 262 263 264 265 266 267 268 269 275 276 317
1sjs;A;ICA AKG IPM;103 113 115 116 119 129 153 160 307 311 336 338
1sjs;A;NAP;37 100 102 103 104 105 115 119 320 321 336 337 338 339 340 341 342 343 344 345 351 352 391 392
4x1o;A;SAM;36 37 38 39 40 44 60 61 62 63 66 91 92 93 94 110 111 112 113 115 116 199 201 204
3hi6;A;803 2IC L08 2O7 ICF BJZ 1HV;130 132 134 153 157 160 161 166 231 233 235 255 257 258 259 284 285 286 287 298 299 301 302 303 305 306 307
4d8l;A;0GY 0GZ;31 33 49 75 76 77 78 124 126 128 130 131 156 180 183 217 252 253
1vr2;A;706 00J AXI 857 608 F82 03X 0JA F8B C52 0KF GIG O3E AV9 K11 BPK 42Q BAX O35 F88;840 841 848 866 867 868 885 888 889 892 898 899 914 916 917 918 919 920 921 922 1016 1019 1020 1024 1025 1026 1027 1035 1044 1045 1046 1047 1084 1087
7clu;A;SAH;132 136 145 146 149 153 156 174 175 176 177 178 179 180 198 199 200 203 225 226 227 228 229 241 243 244 245 248 249 331
4hzr;A;9KO;132 140 156 157 158 177 181 184 189 190 203 205 206 207 208 209 210 211 243 248 250 259 268 269 270 271
7knd;A;DPV;243 248 249 250 252
2nvp;A;MAN BMA Z4Y MVL;58 62 116 129 131 188 195 219 220 350
2yyg;A;FAD;100 142 143 144 145 148 151 183 184 185 247 433 436 437 440 441 443 444 446 447
2yyg;A;4HP;100 104 142 144 145 197 198 199 200 284 441 442 443
6jhm;D;NPO;155 206 208 283 286 290 447 448 449 457
1wyc;A;ACA;111 112 115 168 170 177 181 186 215 217 264 266 267 314 317 331 343 344 345 370 375
5ell;B;GLU;10 11 14 45 52 82 83 84 85 86 125 128 161 162 196 197 198 199
2e8y;A;GLC;437 438 439 465 468 476
2e8y;A;GLC;437 476 525 526
7sfg;A;X52;1226 1227 1230 1274 1507 1510 1535
2rl7;A;M6P;45 66 68 102 103 104 105 111 133 135 143
2xur;B;5CY;24 25 26 198
3ogu;A;BPI DTP GKS 8GT;37 40 149 179 180 183 188 189 190 192 256 271 272 273 274 275 276 277 279 280 283
3ikw;A;SGN;20 22 23 83 111 114 151 154 156 223 224
6q7q;A;AC0;14 19 22 23 26 94 95 98 99
5l45;A;7OX;95 96 97 100 107 108 111 112 131 132 133 137 160 229 230 232 233 237 240 244
1urp;C;RIP;13 15 16 64 89 90 105 137 141 164 189 190 191 214 215 235
2fn9;A;RIP;13 15 16 89 90 144 148 172 197 198 222 223 244
8wl5;A;RIP WEB;32 36 38 39 114 115 168 170 174 198 223 224 250 270
4eiz;A;NAP NDP;5 6 7 8 14 15 16 17 18 19 20 21 22 43 44 45 46 49 62 63 64 65 66 75 76 77 78 94 95 96 97 98 99 100 102 115 122 123
4eiz;A;C1A TOP DHF 8CV 8DM MTX;5 6 7 15 16 17 18 19 20 22 23 27 28 29 30 31 32 35 46 49 50 52 54 55 57 94 95 100 111 113 153
4klx;A;RKV 9FH RKY MMV;5 6 7 17 18 19 20 23 27 28 31 32 49 50 51 54 57 58 60 94 100 113
2w9t;A;NDP;6 7 14 15 16 18 19 20 22 43 44 45 46 49 62 63 64 65 77 78 79 92 93 94 95 96 97 98 121
2w9t;A;TOP;5 6 7 18 19 20 27 28 31 49 50 54 92 98 111
4z49;A;DH9;2222 2249 2250 2251 2308 2309 2338 2339 2342 2343 2363 2366 2367 2370 2371 2374 2375 2423 2424 2427 2428 2430 2431 2481 2482
2ci4;A;GLY CIR;29 72 75 77 78 97 128 144 171 172 267 268 269 270 273
4zcs;A;8R1 9OI;766 769 770 772 774
6plf;B;ODN;18 21 22 25 297
8ixp;A;GDP;25 26 27 28 258 259 260 266 268 288 289 290 313 314 315 318 337 339 340 341 342 345
8ixp;A;LW8;28 101 134 161 162 176 260 265 266 338
2d0t;B;NFK;105 251 252 253 254 255
6ydk;A;GL1;20 24 44 46 47 48 49 52 76 77 80 114 115 116 117 118
4lg4;D;5BS;33 34 41 54 83 99 100 101 102 103 104 105 109 112 113 150 151 153 163 164 298
1esw;A;GLC;250 251 342 343 344 366 369 370 373 374 375 376
5v1y;C;ETF;8 36 40 71
5v1y;C;RIB;39 42 72
8pzm;A;P03;42 43 44 45 46 47 48 49 50 68 73 74 75 99 135 136
4ekf;A;2UQ;2 52 53 54 55 115 119 120 121 122 123 201
4os8;B;PWZ;52 54 112 116 139 140 143
4os8;B;PWZ;45 62 65 67 81 83 92 94 107 109 112 149
6z6z;A;CM1 CM2 ZYG;33 36 40 41 49 52 54 56 66 68 70 72 79 81 83 106 123 124 125 132 133 134 136 138
5ct4;B;BM0;10 11 12 13 14 15 17 18 20 76 77 78 135 156 157 158 160 161
8cfb;C;RB7;113 114 117 145 146 149 150
5caa;A;ADP;11 51 54 59 63 66 87 93 104 111 112 114 118
5ggc;A;ATP;169 170 173 174 175 176 177 178 179 180 181 186 218 242 271 272 273 297
4r7t;C;F6R;40 41 42 43 44 45 71 72 85 137 138 139 143 144 145 146 172 173 208
6sz4;A;XYP;217 218 219 222 223 224 225 226
3f9f;A;V34 80I HUR Y6A UED 0EN QYS S89 EOF Y6G OEW Y6D K36 B1S Y67 V3D 23H EOC VR4 VDJ V2M;25 26 27 41 44 45 46 48 49 54 140 141 142 143 144 145 163 164 165 166 167 168 170 172 186 187 188 189 190 191 192
7s2n;A;ADP;31 32 33 184 185 186 241 244 261 262 265 282 308 312
7s2n;A;BGC;92 93 94 105 130 131 132 186 187 188 207 236
5dov;B;NDP;44 45 46 134 138 159 160 161 162 163 164 165 182 183 184 187 202 203 226 227 229 232 249 250 251 252 272 273 274 321 324 326 328 329
5d27;A;4IP;280 282 283 285 287 289 300 328 366 368
7yv0;A;GDP GFB GRJ GDG;13 14 15 38 40 42 85 86 87 89 90 109 110 111 159 195 227 228 229 243 256 257 260 287 289 290 292
8iy0;B;1SY 4UR;4 5 10 11 12 14 22 26 81 84 85 88 89 90
5kop;D;XYS;278 523 524 525 526 527 553
3l28;F;1D8 1DL 11Y 1DE;221 225 241 244 245 247 248 249 251 293 294 295 297 302 303 304 328 329
1thv;A;PDC;70 79 80 81 82
3r5s;A;VBN;59 60 78 79 80 84 123 124 125 126 146 197 199 206 239 241 242 244 261 296 297
3sr3;A;AMP;84 85 86 111 112 137 177 178 180 237 238 269 303
6g9z;A;ESA;16 17 18 107 108 109
7bhj;A;U0W;104 105 106 165 168 171
3chf;B;CFF PNX TEP;137 177 178 246 247 248 249 250 251 252 301
1j8f;C;3Y0 KZU 5GR 8NO F4R YDD OCZ 3TK 4I5 YOY OMR 8K9 A2X A2I 7KJ L55 L5C 5GN 3LX 3TE;84 85 86 89 90 93 94 95 96 97 98 103 104 116 118 119 131 134 135 136 138 139 140 141 143 167 168 169 170 171 187 190 191 206 209 210 213 214 232 233 234 235 239 261 262 263 264 266 267 268 285 286 287 288 322 323 324
1j8f;C;CNA OMR OCZ 4I5 NAD BU3 NCA;84 85 86 88 89 90 93 94 95 96 97 98 103 119 135 138 140 167 168 169 170 187 190 232 233 234 261 262 263 264 265 266 286 287 288 322 323 324
3fq8;A;HOZ;1147 1162 1163 1188 1374 1376 1379
7av9;AAA;O2D;1393 1394 1396 1398 1399 1404
5t7t;A;GAL;47 56 59 141
4xzp;A;GAL SGA;45 47 63 65 67 75 77 84 87
5ftk;A;Y6Y;492 493 496 497 500 503 504 507 508 509 510 511 512 535 537 571 572 573 615 616 617 618
5ftk;A;6LY;113 114 115 167 168 169 183 185
7ujr;A;FEF;19 20 21 27 40 73 89 90 91 92 95 139 140 142 155 156
4wbh;A;LO5 T3T;102 103 105 140 148 150 194 199 200
4wbh;A;S4V;128 129 135 138 139 281 283 284
2i6a;B;ADN;265 267 268 271 284 286 289 292 295 298 299 302 324 327 331
2fim;A;I3P;289 292 293 294 296 316 318 334 337 347
2xbp;A;ATP FLC AKG;7 9 34 35 36 37 38 39 40 41 42 43 56 58 86 87 88 89 90 92
6cfs;A;IMP;132 135 137 143 150 182 183 184 185 186 187 188 190 225
1ht6;A;GLC;183 207 208 209 298
1tpl;B;9PO;12 61 65
1tpl;B;9PO;148 149 336 337 348 350 399 400
5cxg;D;5TW 5JB;26 68 71 72 75 100 103 104 107 110 111 114 118 132 133 136 140 158 161 164 165 168
3wdw;A;BGC;127 129 160 161 162 163 252 253
3wdw;A;BGC;160 161 252 256 257
1f8a;B;4DH 39X;63 65 67 73 116 117 118 119 121 122 125 126 134 135 138 156 158 161
4pfs;B;ANP ADP;19 20 21 22 23 24 25 26 48 135 192 220 221 222 223
4r1m;C;ADP AMP;93 94 141 142 212 213 214 215 216 235 236 237 238 239 240 241 257 302 304 325 328 424
6fp0;A;7ZR;83 95 367 371 381 384 385 388 389 399 400 401 402 403 420 423 424 427
2cam;A;SNR B6F;12 14 16 33 35 37 38 39 40 70 72 73 75 77 79 97 99 101 102 111 114 118
6slk;C;COA;29 31 32 81 82 83 88 89 90 91 92 93 94 120 122 123 125 126
8bbc;A;W6X W6Z;51 52 55 56 224 280
5dzp;B;2RG MXR DWZ IM2 MNB;303 304 307 308 309 310 318 320 322 331 332 333 334 336 340 352 353 354
5dzp;B;0JC;150 235 237
6ddl;B;ATP DTP;114 144 145 147 152 154 353 354 358 453 456 457
4ydr;A;80F NAP;6 7 8 9 10 11 12 36 37 38 39 72 73 74 75 82 100 101 102 127 131 154 155 156 157 182 183 184 185 186 191 196 200 282 283 284 285 288
7r00;AAA;1P8;1022 1023 1024 1025 1026 1062
4qc1;B;PDC;2091 2092 2098
1s2l;C;ADE 3D1 BP1 V3M SNI;11 13 14 15 17 44 45 67 71 75 95 97 98 101
7ft3;A;YDU YG9;143 144 244 249 253 291 292 293 294 295 297 298
7ft3;A;JFS;128 140 281 282 283 286 287 290
3q6u;A;66L MT4 75H W40 1FN L8V CKK 5IE 03X 319 5I9 MDI ATP 88Z Q6W L1X 044 DF6 353 1JC;1084 1085 1086 1087 1088 1089 1090 1092 1108 1110 1112 1120 1121 1122 1124 1125 1127 1128 1130 1131 1134 1139 1140 1141 1142 1145 1155 1157 1158 1159 1160 1161 1162 1163 1164 1195 1200 1202 1204 1208 1209 1210 1211 1220 1221 1222 1223 1224
7ywj;A;8PZ AMP 8Q2;188 211 212 216 232 233 234 237 241 297 299 300 301 302 319 320 321 322 323 324 325 328 329 347 410 412 424 427
4rie;B;TYD;10 12 15 195 196 216 217 218 247 248 249 266 267 268 269 270 283 285 286 287 288
3d0r;B;C0T;7 8 10 11 56 60 82 88 89 92 116 117 137 138 140 145 220 221 224 225 285 286 287 288 308 310 311
3d0r;B;TYD;9 10 13 194 195 216 218 219 220 247 248 249 267 268 269 270 271 284 286 287 288 289 311
2xc1;A;RAM;237 359 363 366 391 392 395 402
6c4g;A;4PF;117 118 120 121 122 125 126 128
7f0o;A;0BJ 0ER;15 19 22 27 37 49 57 58 61 62 65 99 101 103 105 121 123 127 128
8oqp;C;COA;18 19 92 127 149 175 210 213 217 218 221 224 225 253 254 255 257 258 260 329 330 359 361
2wvy;B;SWA;92 94 95 353 354 391 399 400 537 648
7wyo;B;G7L;104 106 108 109 112 114 140 142 144 145 146 147
2ywb;A;XMP;288 380 382 383 384 389 424 458 495 499 500 501
4n4a;A;MGT;203 204 206 207 214 218 373 374 436 438 439 440 507 511
4n4a;A;SAM;234 236 237 277 278 279 280 281 282 283 300 301 302 306 334 335 336 337 364 365 366 383 404
5ytb;C;LMB;525 529 532 533 536 539 540 543 548 552 555 556 559 565 569 571 572 575 576 579 580 583
5zic;B;UE0;290 291 295 452 453 454 478 480 497 498 502 506 512 523 526 527
8cql;B;F4E;64 65 66 69 102 105 106 109
1mhn;A;8AI;102 105 107 109 127 130 132
4n5g;B;2VR I5W 7QJ T72 R4M 754 2E3 BM6 4TN 9CR 5TN E80 3T2 7BE 2W0 3RB REA HXA 9RA E8L J57 2VZ E8O WY5 PLM 9HF OI2 2VP LX8 7O0 BGV 4XW 29V 3SW OI5 1O8 5LO UGW T2K L79 3TN T9T;265 268 269 271 272 275 276 305 306 309 310 313 316 324 325 326 327 328 332 337 342 345 346 349 432 433 435 436 438 439 441 442 451
7bn2;BBB;VH2;50 51 52 62 64 66 80 82 91 93 96 98
1y6i;A;UPB DE9 UYC MD9 BLA;109 113 129 178 183 184 189 190 191 192 196 209 210 211 212 213 214
2air;H;CTP DCP;2 3 7 10 11 12 13 17 19 20 52 58 60 82 84 86 89 90 91 94 96
2air;H;UTP;11 19 20 48 49 50 51 52 56 58 60
2r57;A;MLZ MLY;324 327 330 332 348 351 352 355
3b49;A;7YU;41 42 46 47 50 51 54 58 81 85 93 96 99 127 154 185 187 190 191 192
5ilk;A;6BW;264 266 269 270 273 294 297 298 403 407 519 530 531 534
6jak;C;UDP;21 22 23 24 26 86 261 263 268 296 298 338 339 340 342 345 346 362 365 366 367 370
6vtg;C;ATP;4 53 121 145 146 147 149 168 169 170 171 173 174 175 190 226 227 248 281 315 317 326 328
2z6w;B;5AO 4ZT 3AO M3I 6AI 5MZ 1FP Q8A;55 60 61 63 72 73 74 82 101 102 103 104 107 108 109 111 113 122 126
2z6w;B;4SO;12 13 15 17 141 145 154
2jgv;C;ANP;38 99 183 185 222 223 224 225 227 228 241 244 246 249 250 251 252 253 254 256 278 281 282 285
2g5l;A;MOB SI0 O7Q IMI CU6 HL9 BNI OL3 GLL 9CO SQ1 NAB 4IR N9O B4F QFY MHB SI9 LUV SVP MTB 6IR SNR K9D 9RU BH7 0OD DMB SI7 SHM O6T SI4 BTN HAB S32 NOF JSU BSO OL4 DTB;23 24 25 27 43 44 45 46 47 48 49 50 51 54 79 84 86 87 88 90 92 108 110 111 112 113 114 115 118 121 122 123 124 128 130
2g5l;A;PDC;44 45 51 52 53 83
3cbj;A;C1G;23 27 28 29 30 68 69 72 73 74 75 76 121 122 173 198 199 200
4pnt;D;33E 97K 16S 9GX 15Z 1VF M3W AJ6 9C8 3GX AJ4 32X 15W 495 20B 97Z 2ZI XAV BPU A73 1V0 A63 KC8 RJN 9A8 R4E 59B SZ5 G18 NYJ GN5 9CE 9SU LU2 NU1 08C KK6 9H3 JL9 9H6 W2E 29F 9AN W8L 1V4 U1T TGW NGJ 1UW G9W AGI FLN F38 431 E9L 9C5 VT3 VJN F08 16I 28C 1UR 1V3 1UT I6D 31F 0E1 LDR NNL 91F AJ2 A64 O53 9AQ 06R I1Q 9AW F37 20D NKI 9CB G1O 9B2 CDJ 1VG 5WW IY5 NNF P4L DFL 0E0 1V1 BJ4 SGW 27F 9H9 09L WLH 1OI 25F H2W DU9 32F AJ7 RGK F94 3F4 1UZ ECZ OY6 97H AJ8 5NN 1V8 IWR F33 F40;1030 1031 1032 1033 1034 1035 1038 1039 1042 1043 1044 1045 1047 1048 1049 1050 1053 1054 1055 1058 1059 1060 1061 1062 1067 1068 1071 1073 1074 1075 1137 1138
2hyy;A;66K;386 387 388 401 403 411 412 413 445 446 449
3gl0;C;D3M HXX;158 202 203 218 230 232 247 249 251 266 267 282 285 286 290
1dpj;A;2Z3 0GM;12 13 30 32 34 35 73 74 75 76 77 111 112 114 115 117 120 128 189 215 217 218 219 220 222 244 289 291 300
8sxw;A;MJL MJ3;12 13 14 16 17 50 96 97 98 99 102 120 123 130 132 136 174 206 208 209 238 264 265 266 267 270 274 284 285 286 287 290 302 306 307
4ud4;B;CTP UTP 2KH;88 89 90 95 97 100 101 103 168 171 172 175 193 197 202 210 211 212 330 336 338
4yyn;A;67B XXS VK1 XWV VCD 67C VJM 69G 5LV BMF;1526 1527 1528 1529 1530 1531 1532 1533 1536 1537 1539 1540 1548 1549 1579 1582 1583 1589
2by3;A;GLC;175 177 178 241 400 404 452 468 471 472
3qas;A;EGC SAX 2BJ;25 47 50 51 67 69 70 75 82 85 86 88 89 91 92 93 96 115 116 141 142 143 144 145
3qas;A;H78 OXN 2BJ 53Q IPE FPS FPP 0FW;24 25 26 27 28 29 30 39 40 43 46 47 50 68 69 70 71 72 73 74 77 81 82 85 86 88 89 92 93 95 96 100 107 109 116 120 124 139 141 142 143 194 221
3qas;A;IPE;24 25 26 68 69 70 71 74 77 194 200 202
3qas;A;0FW 2BJ;43 44 47 48 50 51 54 55 58 59 85 88 91 92 96 99 100 103 105 139
8ezs;B;ACP;55 56 57 58 59 61 83 85 113 129 130 131 132 133 143 157 197 199 201 202 218 219
3u6k;A;Y7C;316 317 318 319 320 326 378 383
2b7c;A;GLN;42 45 48 49 58 62
5gl7;A;MET;271 272 273 274 312 518 521 522 525 556 560
7gos;B;TX0;8 9 12 13
7gos;B;XJM U9R JAW SVI W3S YFR;25 40 142 143 144 145 146 147 161 163 164 165 166
7gos;B;U0O;102 104 114 140 143 145 148 149 161
1hav;A;IVF;15 27 28 29 30 122 123 124 145 147 148 169 170 171 172 191
1nzo;A;HJ2 MXR;43 44 47 85 86 87 110 112 151 152 153 198 213 214 215 216 217 245 248
6dz8;A;AI8 NFF RB6;74 75 115 139 181 182 183 186 241 260 261 262 263 264 268 291 297
3db3;A;36X;142 151 152 153 208 209 224 238 278
5cxy;B;GAL;213 216 250 252 298
4xv1;B;VQP K7S V1Y 92D K81 0LI TXV V5J 1OO;463 464 471 481 482 483 501 504 505 508 513 514 527 529 530 531 532 567 572 573 574 575 576 583 592 593 594 595 597 598
3a7g;A;3JB 3JA 34U 3FE;30 31 32 33 34 38 51 53 70 83 99 100 101 102 105 109 148 149 151 161 162 291
1oib;B;MDC;13 14 17 33 34 35 196 197 198 200 201 291 292 293
5i5d;D;PSE;406 409 412 451 453 454 460 468
3fix;B;COA;23 26 27 28 92 93 94 99 100 101 102 103 104 105 126 127 131 133 134 136 137 138 140
5za4;A;SLB NGE;15 18 19 27 28 29 32 105 331 333 362 366 381 382 383 384 386 387 397 404 408 477
4qfk;A;GLY MET ALA;48 50 53 54 181 182 385 433 434 436 526
2i1w;B;LAW KIT NAP AOC ZAS;44 45 46 49 71 72 73 74 75 122 123 158 159 161 162 163 166 222 223 261
6h6k;A;GDP;36 221 223 225 234 237 278 279 280 282 285 296 297 298
8hs6;H;NAD;67 69 70 71 72 73 91 92 93 116 117 118 119 144 145 146 147 166 193 194 195 196 208 212 238 239 241 302
4xbx;B;40O;35 53 71 74 75 78 80 101 103 130 139 143
7ery;A;JC6 JDO JDF;22 24 26 27 88 93 103 128 129 130 149 155 159 204 205 208 283 361 379 380 381
7ery;A;UDP;26 29 255 281 282 283 284 308 338 339 340 342 357 359 360 361 362 365 382
6llg;A;UDP;31 34 274 276 278 279 280 305 340 341 343 358 360 361 362 363 366 383
5v2k;B;GLN;5 6 33 34 443 444 445 446
7rx7;A;I0C VA8 SAH SAM VAT VB8 SFG UE2 UEE UEZ UDK;376 377 378 379 395 396 397 405 406 407 408 409 431 457 481 510 511 512 513 514 532 534 535 536 538 539 548 549 550
8r43;A;LGU BEM;34 36 40 41 42 80 89 214
6ezr;A;NGT;274 303 373 398 437 438 487 505 524 530 532 533 544 546 582 584
3ffe;A;X3J;170 301 302 303 305 442 444 467 501 504 509 563 565
1ayl;A;THJ;74 79
2hf0;A;WSR WU5;1 17 18 19 20 21 25 58 60 65 66 67 79 80 81 101 102 130 132 135 136 137 138 140 172
5hke;B;GCH;22 23 24 27 56 57 58 133 134
2qsu;A;SAH;34 35 90 116 117 118 180 181 199 200 201 202 224 225 227 233 237
7nte;B;FER;13 71 74 124 148 150 169 170 186 187 188 190 191 192 195 216 218 254
5xvv;E;2IT 8G0 AKG 8GL;78 79 80 99 102 114 152 153 154 181 193 346 379 382 383 386
5ggs;Z;FUC;61 63 82 83 99
1of3;B;BMA;27 28 62 64 97 104 106
4a6p;A;5MI;204 205 206 210
7poq;A;PRO;40 66 69 114 116 121 123 153 174
1a4u;B;CYH NAQ NAD NAE;12 13 14 15 16 17 18 37 38 39 62 63 64 65 91 92 93 94 95 102 106 136 137 138 139 140 145 151 155 181 182 183 184 186 187 188 189 190 192 206
3ssx;R;D0Q TRP;54 57 58 81 82 84 85 88 89
3ssx;R;IAC;77 78 79 80 81 84
6tn3;A;UTP UD1;134 135 136 137 138 139 140 141 148 191 222 246 247 248 249 277 278 279 314 315 316 329 330 355 356 357 383 407 408 409 410 411 433 435 437
7ejw;D;AGS;144 145 146 147 175 176 177 178 179 180 181 182 245 320 327 330 334 362 363
7k4w;A;6NT;21 44 45 46 50 82 83 84 87 127 172 236 237 238 265 266 267
6tbt;B;Z88;7 8 9 10
4twi;A;APR;20 21 22 25 26 31 32 33 39 98 99 116 159 185 186 187 188 190 210 211 212 213 227 228 229
2ffy;A;SM2 F12;279 281 282 285 286 291 296
2ffy;A;1U6;290 291 294 296
4tyv;A;BGC;149 196 198 217 234 449 505 543 545 574
2e3m;A;16H H13 H15 14H;436 442 445 446 448 449 467 469 472 473 478 480 482 504 521 523 525 553 557 559 571 572 575 576 579
4nai;A;6BC 30A MW5 Q9P;157 158 161 177 202 203 204 238 239 240 245 259 261 262 263 264 265 266 273
1yhv;A;4OQ 4OR;301 312 315 316 318 319 322 327 328 329 330 340 342 344 379 380 383 385 387 405 406 407 410 412 413 414
2bva;A;ANP M4X M4I;327 328 335 337 348 350 379 395 396 397 398 399 401 402 444 447 457 458
5nzx;A;B0A AXS;839 840 841 842 843 845 846 964 1017 1023 1026 1027
3rbh;A;78N LH9;386 388 391 392 434 435 436 450 458 459 460 484 486
7aa2;B;4AQ;621 624 625 628 629
7aqb;B;OXW;26 31 34 47 49 78 108 109 110 111 112 113 114 117 159 172
7ctd;A;BDP;12 123 124 125 126 160 181 210 245 267 270 299 302
7ctd;A;NAI;6 7 8 9 10 11 12 13 37 38 39 40 43 70 83 84 85 86 87 94 95 125 135 138 158 159 160 162 180 181 182 306 310 344
2nxj;A;SAM;103 107 126 127 128 129 130 131 133 134 148 149 150 151 154 174 175 191 192 196 200
7psj;A;DNF;415 416 417 450 451 452 473 475
4hon;B;URS;31 32 35 158 159 163 166 295 296 297 298
4hon;B;BZI;160 161 175 176 179 195 198 294 318 320 321 324
6sui;A;ANP;32 33 35 36 37 39 50 52 82 109 110 111 112 116 202 204 206 207 209 218 219 222
1kn9;D;CZD;82 83 84 85 86 87 88 90 100 132 141 142 143 144 145 279 300
4o7d;A;63J 04A R0C BP9;317 318 320 321 322 323 324 325 394
2hq8;B;CTZ;19 20 22 23 36 39 61 103 107 111 124 127 128 131 135 139 143 160 179 180 181 182
4iws;A;4LU FMN IMD;149 150 151 165 166 167 168 169 170 182 184 187 188 189 219 220 221 222 223 229 276 278 279 309 316 317 318 321 322 386 390 434
6opb;D;ACD EIC;6 11 15 32 35 37 46 47 50 51 54 56 63 65 68 71 72 85 88 89 90 104 105 107 108 109 116 119 120
7egu;A;F0P SAH 8WO OZP U72;11 15 20 24 25 63 64 65 67 69 70 85 86 87 90 141 142 143 144 163 164 165 167 168 169 197 198 201 203 204 213 242 247 249
2fyu;D;JZR;135 136 137 145 146 147 148 149
2a88;A;0OC PAF;38 39 40 65 67 68 69 72 139 142 143 146 157 161 164
5wm0;A;FLC;79 108 110 170 172 240 242 314 316 318
3cab;A;9OD;17 31 34 35 48 49 52 53 70 74 86 101 104 105 108 116 117 118 119
1nul;B;GUN XAN;90 92 115 133 134 135 137 140
3vho;B;BGC;59 60 61A 144 145 146 147 176
5xcw;X;OAS;69 72 96 100 120 143 144 177 228 229 230 231
1i0r;B;FMN;13 26 27 28 29 30 31 45 46 47 50 51 52 76 79 80 81 82 83 84 89 126 147 150
5o1m;A;BU3;123 124 127 130 131 134 172 173 176 386 390 394
6qb5;D;O3M;300 301 337 374
2zgu;A;GAL BGC SGA GLA;42 43 59 61 63 70 72 80 83 85
1ks9;A;NAP;6 7 8 9 10 11 12 29 30 31 70 71 72 73 75 79 96 97 98 118 120 121 122 176 241 244 247 248 253 256
4pwn;A;A6S;233 252 265 268 269 272 275 280 281 282 283 286 299 301 345 367 368 369 370 372 373 374
5fsu;B;AR6 ADP;108 109 110 120 121 122 127 128 129 130 131 132 134 137 207 208 209 210 211 212 213 214 215 247 248 249 252
3vu2;B;GLC;487 534 549 553
2hig;A;JJ5;197 198 199 202 203 225 226 227 231 232 274 275 414 430 431 433 434
3n2w;B;OAE NDV;138 176 179 210 230 231 232 237 238 352
6spo;A;B3M;12 13 14 15 52 253 256 257 260 296 297 300 301
4m7p;A;UDP;216 219 220 221 222 238 239 240 241 242 243 268 289 290 291 292 293 294 305 306 308 309 310 311 312 313 314 330 331
2b0j;A;H4M;19 151 152 250 251 252 254
2x87;A;EBS;359 360 363 366 406 408 429 431 463 476 478 479 480
5hgx;A;8ML;356 378 379 380 383 413 415 439 442 445 466 474 478 525
6xl4;C;HKI W32 633 QCR 60D O44 03P 8AM 63A 4YX IRE 8BP 4ZR QQJ FMM 4ZQ 4ZH XA4 W2R ANP 634 YY3 W2P N6N X9B 630 9JO QFO W19 8BM R28 8BS ZRT;716 718 719 720 721 722 723 724 726 728 743 744 745 747 759 762 763 766 775 776 777 788 789 790 791 792 793 794 795 796 797 799 800 803 804 841 842 844 853 854 855 856 858 997 998 1001 1002 1006
6xl4;C;JBJ VNS KY9;723 726 743 744 745 747 749 751 755 758 759 762 763 766 775 776 777 788 789 790 854 855 856 857 858 860 861 862 863 864
2e64;B;ATP ADP ADN;47 48 49 50 51 52 53 54 61 100 103 104 111 131 137 140 227 231 232 233
1px5;B;APC;61 62 65 73 74 76 186 193 212 228 229 230 233 300 308
7zzx;B;NDP;10 11 19 20 21 23 24 25 27 54 55 56 57 60 76 77 78 79 93 94 120 121 122 123 124 125 126 128 157
1bhs;A;NAP;9 10 11 12 13 14 37 64 65 66 67 90 91 92 93 113 140 141 142 155 159 185 186 187 188 190 191 192 193 195 226
1bhs;A;E2B HYC EST F0D;9 10 11 12 37 64 65 66 67 90 91 92 93 94 95 96 113 142 143 144 147 149 152 155 185 186 187 192 193 194 196 197 218 221 222 225 226 259 262 279 282 283
6rxd;A;IHS;12 13 44 45 48 51 52 54 55 140 142 189 191 192 296 310 353 399 400 401 404
7so5;A;TBR;310 378 379 380 383 463 515 516
7so5;A;U2F UDP;101 102 103 104 139 265 266 267 269 270 273 284 286 287 288 383 384 385 465 466 469 470 471 515 517 518 519 520
2c6g;A;MAN;651 652 654
4nqv;F;TFX;42 43 75 76 77
2psf;B;VKB CEI;121 144 150 153 156 162 163 165 166 174 180 181 185 189 220 223 261 262 285
2psf;B;CEI;145 146 147 148 150 156 158 159 162 223 224 262 265 266
4l7k;C;DXC;14 18 38 40 41 54 55 57 58 61 63 82 84 86 88 95 97 99 112 114 116
5nr9;B;UDP;193 194 197 306 307 309 311
5nr9;B;UDP;134 135 136 139 195 198 199 202 225 226 227 360
5rar;B;O3M O3G S9M S3M HGE S9V S3Y N6Y;1380 1381 1394 1395 1398 1400 1401 1404
5rar;B;K0G S4Y A6Z S5A S9P JJ7 MPV;1575 1583 1586 1587 1603 1606 1607 1608 1609 1610 1695
5rar;B;SNQ;1531 1714 1715 1717 1718 1721
3g8a;A;AMP;238 239 242 245 246
5zv0;A;F6P;99 100 105 130 131 132 133 134 249 266 267 269 270 271 321
1ms4;B;GLC;119 311 312
2wet;A;TRP;49 50 51 75 77 78 92 93 94 160 163 354 450 451 454 455
4yeg;A;6YY 6YW;26 29 30 33 61 62 63 64 65 66 67 68 72 174 178 184 187 228 229 232
6l61;A;COA FWC;55 58 59 62 63 164 206 207 210 214 215 254 265 267 268 269 271 272 305 306 307 308 309 336 338
1iwl;A;IG7;6 10 13 14 16 39 41 42 43 44 45 46 47 49 59 66 68 84 85 88 89 90 92 93 115 124 127 128 129 137 140 141 142 144 150 152 154
7alf;A;T3Y;1 2 23 24 46
6jnj;A;NAP;11 12 13 14 37 38 39 40 67 68 69 72 76 158
3cj1;A;8E9;50 76 245 246 249 391 392 393 394 395 397 398 401
3pid;A;U5P;144 208 242 243 244 246 248 249 250 251 254 366 367
6tyo;B;GAL;35 36 132 137
6tyo;B;5N6;47 48 75 76 107 108 109 110
7d48;A;ATP ADP APC;51 71 73 109 110 121 123 194 196 197 199 203 204 205 206 207 210 299 302 307
5f46;A;COA MLC;34 35 90 91 92 93 94 99 100 101 102 103 104 105 128 131 133 134 136 137 138 140
5hq8;A;E45;81 82 84 85 107 110 111 114 115
5w5d;F;SEP;303 309 333 364 365 366
1sul;A;GDP;31 32 33 34 35 36 37 38 142 143 145 146 175 176 177
3oy6;U;SL1;57 97 97A 97B 98 99 189 190 191 192 193 195 213 214 215 216 217 219 220 221 226
3mo7;A;PRO;37 289 290 291
3umi;A;SGN;411 412 413 414 417
5k7k;A;LSN;225 226 227 228 229 231 232 235
1tqn;A;CFF;108 212 213 215 241 304 482
2jlq;A;ANP ADP;194 195 196 197 198 199 200 201 202 230 233 285 316 329 398 414 416 418 456 460 463 465
3a06;B;NDP;23 24 29 30 31 49 50
3zhz;B;NDP;19 20 21 22 23 24 25 45 46 47 48 49 50 69 103 104 105 106 108 126 127 128 129 151 203 204 205 206 207 209 267
3zhz;B;FM6;128 151 152 153 175 176 177 178 179 205 209 213 218 219 222 245 265 267
6her;A;Z80 P2Z;122 123 124 125 126 128 162 182 185 186 189 190
4f5h;B;HCI 0A0 3QP PY5 IVA PY6 PL6;23 24 43 44 112 113 114 117 140 142 143 188 193 221 223 224 253 255 256 264 358 384
3wmg;A;ANP;452 454 455 460 479 480 481 482 483 484 485 486 495 529 610 643
3wmg;A;DMU;477 478 479 480 481 482 643 644 645 648 658 659 679 680 683 687
1cuz;A;PMB;95 96 99 129 132 133
7vvv;A;SAM;24 45 46 48 69 70 71 74 100 101 102 121 122 123 124 127 128 131 135 159 161 162 177
1z90;B;UPG;85 86 87 88 99 134 162 189 190 191 192 220 221 222 256 257 258 269 271 292 293 294 295 335 356 358 360
5nzm;A;UPG;81 82 83 84 85 95 130 132 162 188 189 190 191 219 220 221 255 256 257 282 284 305 306 307 308 355 376 378 380
4mzi;A;QNN QN8;114 115 116 122 123 124 140 142
4mzi;A;QNN R4F QN8;114 144 145 146 147 157 218 219 220 221 223 227 228 229 230 231 232
5c74;A;SAH SAM;83 84 85 103 104 105 107 109 110 113 114 115 116 117 131 132 133 134 136 137 138 139 140 143
3qwd;J;VSZ JT7;67 68 69 70 71 97 98 99 102 123 124 125 126 127 128 139 142 143 146 150
1gqz;A;ZDR ZDP;11 13 44 64 70 72 73 74 75 76 157 190 208 209 216 217 218 219 220
7vda;A;NDP;94 114 134 167 168 169 170 211 215 250 251 252 253 254 255 256 274 275 276 277 295 325 326 327 330 347 348 349 374
2oa6;B;JF4 POP 1SS JF1 JF2 FPS 1SV;63 67 83 86 87 90 91 153 157 175 178 179 180 183 184 215 219 223 226 227 305 308 309 314 315
5h9k;A;GSH LTD EAH;26 31 40 46 48 56 58 60 61 65 67 81 83 85 91 93 95 108 110 114 120 121 122 124 126
2c3v;A;GLC;103 114 143 151 153 155 157
6oah;F;RSX;100 103 104 107 112 171 200 203 204 240 243 257 261
6oah;F;GO0 GO1;107 108 109 110 111 258 260 263 264 293
3ofj;A;SAH;31 32 35 50 51 52 53 54 73 74 75 78 97 98 99 114 115 116 119 120
7lpu;A;GGB;14 24 274 276 277 278 279
4tqr;A;BAP;78 79 247 271 274 275
9bhr;B;VUF LQH VM8 VMZ VY3;1104 1107 1109 1117 1118 1119 1128 1129 1130 1131 1166 1167 1168 1169 1170
2zf3;F;PPY;17 35 37 46 109 110 160 172 174
1wam;A;FMN U5P;97 98 99 135 151 152 155 156 160 171 172 174 176 178 187
5ze7;B;HBI;11 12 13 21 22 23 24 65 66 67 68 69 105 106 107 108 127 128 270
5ze7;B;UDP;22 23 26 192 193 194 199 218 219 243 244 245 250 266 268 269 271 272 273 276
6hrv;A;COA;20 87 150 152 156 192 193 206 208 214 215 217 218 219 220 300 301 348 350
2z15;B;549;55 56 58 59 105 106 124
1hbq;A;RTL;35 36 37 43 45 55 57 61 73 74 75 88 90 96 97 98 104 121 133 135
4oyz;A;POP;47 48 49 50 51 52 53 99 144 412
4oyz;A;4DS;8 10 14 15 17 18 250 252 253 276 277 279 281 283 399 400 402
4oyz;A;4DS;48 51 54 57 58 62 63 74 75 78
2h7g;X;VO4;130 167 223 265 274
1ys0;A;WO4;473 474 475 476 477 478 479
5z43;A;8XL;62 105 106 119 120 121 156 157 170 209 291
5z43;A;GST;44 46 60 117 119 168 170 223 225 227 262 276 278 280 291
6ih8;C;A7R;76 98 100 101 104 151 152 153 154 155 156 157 175 176 177 207 208 209 213 214 235 236 237 261 262 293 295 296
6hr4;A;S1K C8Y NEF MER;293 294 297 333 334 348 349 351 407 409 484 485 486 487 503 533 534 535 536
6hr4;A;NEF;346 347 348 349 464 465 466 468 469 470 471 474 475 484 485 507 535 536 539
6xqx;B;9F2;241 244 245 248 282
6xqx;B;9F2;307 309 310 347 362 364 420 421 422 483 497 498 499 500 501 502 509 514 544 545 546 547
5ae0;A;OVE;203 204 356
8ghc;B;ZR5;177 178 181 182 185 189 290 413 416 585 589 592 593 595 596
5ny2;A;ROP;53 89 90 121 122
7p75;AAA;1BO BU2;16 18 20 47 73 76 102 139 167 169 170 171 201 203 204 236
2zvy;A;ARG;163 164 165 166 197 198 200 201 202 203 211 214 218 259
2zvy;A;ARG;157 158 159 160 254 256 259
3mp4;D;HMG;42 45 76 77 78 79 80 81 82 88 106 108 109 111 112 115 127 138 139 140 149 167 168 169 203 205 233 235 266
6q8z;D;HR8;40 213 214 215 218 219 220 294 295 298 299 300 303 355 381 382
7ceh;A;9J3;105 106 107 175 176 177 201 224 254 255
5x1o;B;SE4;27 119 120 125 135 136
1z7g;D;3L5 3L3 SV2 WPG 3L4 4X2 9YP YPG 3L7;66 67 68 69 70 100 101 102 103 113 133 134 135 136 137 138 139 140 141 142 165 169 182 185 186 187 188 191 192 193 194 196 199
5lso;A;TRP;329 330 332 333 371 372 375 377
2b23;B;OHT QNH NYU PTI XBR 77I 7EB C6V GW5 5YR 85Z ND1 TVF LLC 7OR LVH AEJ 86V 7I9 L5B TVL QNK LRQ TV3 7AI QHG VQI KE9 C3D ZNM 7EC AIT 85M 7QN ODY 7I0 H8W RL4 KN3 J0W QYM CM3 H09 CM4 E4D 7Q5 L4G G9J TU9 53Q 3YJ R3V 86Y IOG KN0 TVX KN1 9XY 29S TTU QNE RAL LLB AIJ TS7 GQD U6D 7I5 AIU TQF AIH GZI L84 G91;339 341 342 343 346 347 349 350 351 353 354 355 383 384 387 388 391 394 402 404 415 417 418 419 420 421 422 424 425 428 517 520 521 522 523 524 525 526 527 528 529 530 531 532 533 534 535 536 539 540 543
2b23;B;7E3;330 331 332 333 335 336 337 338 341 342 345 407 408 410 414
1dc6;A;G3P;129 130 131 132 133 134 135 159 266 327 330
7cyr;A;ADP;131 132 133 134 138 150 152 199 205 225 237 238 239 240 285 286 298 299
2o8y;A;0LI;192 200 211 213 233 236 237 240 245 246 262 263 264 265 268 302 307 308 309 310 318 327 328 329 330
6csw;C;RTJ E8V 8E1 F87 REB F8Y;43 44 45 48 49 51 69 71 83 87 111 131 132 133 134 135 136 137 140 181 184 196 197
4ian;B;919;693 695 701 703 713 715 717 728 731 732 735 736 739 750 751 767 768 769 770 806 811 813 822 832 833 834 835
8gw3;A;URW T92 6H4 ADN 5KW 6H3 EDH 6KC 6L4 1FM NG2 YIY UWZ;42 43 44 45 46 47 50 61 62 63 76 77 80 81 84 89 90 102 104 105 106 107 108 109 110 111 114 144 153 154 155 159 160 161 162 163 173 174 175 176
1mwk;A;GNP;8 9 10 11 13 148 171 172 173 174 175 199 223 226 227 280 281 282 284 285 308
6a45;B;DCM;14 15 16 17 19 20 73 74 77 78 122 188 193
6co1;F;QSS QXY;1495 1498 1500 1502 1519 1521 1523 1547 1553 1587
5duo;C;HEM;18 19 22 23 26 27 31 40 43 46 47 50 51 54 84 87 88 91 92 104 107 139 142 143
8a74;A;POP GPP;132 133 134 135 136 139 172 189 281 282 285 286 315 420 424 427
3wxl;D;ADP;274 275 276 277 321 322 324 325 337 421 422 423 425 426
5mf2;D;7MT;68 70 71 74 75
2gcb;A;ACQ POP;46 47 48 49 50 51 52 73 74 143 165 260 263 264 297 299 300 313 314 315 316 319 320 412 413 414
5un3;A;XYP;11 12 13 14 15 63 64 65 68
6pk5;A;AMP;12 38 39 40 43 56 57 59 60 67 71 90 91 92 95 102 104 105 109 138
4k76;C;PQR;290 291 292 326 327
7pa0;B;GLC GAL;20 23 27 92 95 96 99 100
3vdm;B;GLC;38 105 182 183 215 383 384 385 386 387
3vdm;B;GLC;12 105 158 159 160 290 325 326
5iox;A;BIH;41 42 113 114 118 123
6aa3;A;8DG;7 8 9 23 25 33 34 35 36 37 38 52 56 72 81 83 117 119 120 123 139
8fmu;B;O0M O0Y K0G O1M JHJ O1A NVY O0P O0V;48 50 51 54 72 73 74 76 210
8fmu;B;JMM;43 44 45 46 49 189
8fmu;B;O0P;41 42 183
2fjy;A;BOM;8 9 12 36 37 52 53 56 61 62 68 73 76 90 91 94 111 114 115 118 135
2x2s;A;GAL;22 23 24 25 26 37 44 46
1ecc;B;PIN;44 45 46 62 84
7kql;T;YQG YQ7 YQD;47 53 54 57 58 59 60 61 62 63 64 67 68 77
4pu0;B;FMN;10 14 77 108 109 140 146
3vjz;A;O4B;124 125 131
4f4i;B;ATM TMP;11 15 16 36 37 48 66 70 91 92 93 96 97 100 101
4esh;A;ADP;11 12 13 14 15 16 17 18 145 186 188 189 190 193
5a03;A;SOR;5 7 74 75 97 98 99 125 304 305
6esn;A;XNX MJE 4F1 L3E 4Y5 4Y6 79U;317 321 324 325 328 329 332 353 354 355 356 357 358 359 476 480 483 484 487 492 494 495 496 497 498 499 501 502 505 506
6x41;B;4CT;301 302 303 345 346 347 353 355 356 359 382 383 384 385 386 387
3qr9;B;PRP POP;105 106 107 109 110 116 117 118 119 120 135 136 137 138 139 140 141 142 143 145 146 147 148 193 251 252
3qr9;B;FA0 BE2;86 138 143 144 179 180 183 184 186 187 190 194
4ku8;A;PCG 6ZA 6JR;264 283 285 296 297 299 304 305 306 307 308 309 310 313 315 316 317 318 319 320 351
3bl7;B;GTG;145 146 175 179 185 188 203 204 205 206 207 217 219 268 271 272 273 277 279 294 322
5lor;B;S1V;60 87 90 95 120 144 145 156 218
1k4k;D;NAD;8 9 10 11 12 16 18 19 22 40 45 46 76 84 85 86 104 105 106 107 109 110 117 118 133 134 177 179
4rpi;D;E9A;108 109 112 113 115 116 117 120 144 147 148 151 156 158
7r51;B;I8D 2L1 NU4 I8G;218 219 220 336 339 340 343 590 675
7r51;B;K0G JHJ;215 218 325 326 329 330 333 613
3psg;A;017 RIT 478 ROC;12 13 30 32 34 35 36 39 73 74 75 76 77 78 111 112 117 120 128 189 213 215 217 218 219 220 222 287 289 291 298 300
6qpe;A;SDS;38 39 41 43 46 54 56 58 71 82 84 86 87 88 89 92 94 103 105 107 122
2dh4;B;252 IPE;38 39 40 41 44 47 73 77 89 90 175 178 179 210 211 214
5k3a;A;R3W FAH;134 141 152 153 185 252 253 254 280
6l1i;B;E3X;23 24 25 29 47 50 54
7oap;EEE;FUC;369 373 374 436 440
2pry;A;ORO;28 29 37 38 76 132 133 135 163
2gzr;A;DFP;130 188 189 190 215 216 287
4i36;D;ADP;154 158 185 187 211 212 213 214 215 319
1ak1;A;H01;13 26 29 30 31 33 120 183 184 185 186 222 224 225 226 227 230
2x36;D;BO2;768 769 770 771 776 778 810 849 850 851 852 853 854 855 856 893 898
5gw7;B;GLC;274 702 706 758
7wmy;A;NAI;48 51 86 114 115 116 117 118 119 121 122 123 131 148 150 153 159 163 174 218 220 221
5hsm;A;BHA;17 20 21 24 35 38 39 42 58 110
4xmq;B;SKJ LEU SKG ILE PHE NVA;116 118 126 128 130 144 146 149 151 167 168 169 170 171 176 178 196
2y7a;B;UPG IUG 2GW GAL UDP GDU UD2 3GW;121 122 123 124 126 181 184 185 186 188 211 212 213 214 233 234 235 266 267 268 300 301 302 303 324 325 326 329 330 343
5tqv;A;NAP;8 9 10 11 12 13 33 51 52 53 54 77 78 79 80 102 128 129 130 146 150 173 174 175 176 177 179 180 181 182
1tqd;A;GDP;77 78 79 80 81 82 83 84 101 102 103 104 126 183 184 186 187 230 231 232 233
4hc4;A;T9A TQ7 A0S;156 157 158 159 160 161 162 163 164 165 167 189 191 236 256 267 271 290 292 293 321 323 343 344 345 353 355 373
7piz;C;A4W;138 355 358 359 362 370 371 377 378 379 382 383 384 385
1gqn;A;VAU FQZ DHS PVI WPL 9C4 L9Z FT5 OVU FSQ;21 46 48 80 82 114 143 145 170 172 203 205 213 225 232 233 236
2wvh;X;TPP;388 389 390 391 413 414 415 439 440 441 442 445 467 469 470 471 472 473
3ih2;A;OC9;90 161 164 165 169 176 183 186 187 190
8duf;A;E6D 074;473 474 475 476 477 478 480 509 510 511 542 545 546 547 664 665 698 702
3px7;A;T3P TMP;112 113 114 115 161 165 168 321 323 365 493 494 495 496 551 554 555
8abu;B;STL;59 77 78 81 82 121 137 138 141 142 143 170 171 172 180 181 182 183 184
8i7x;C;FME;122 123 124 125 126 152 153 154 178 179 180 205 224
6pvg;A;MB5 OZ7 OZA;50 51 52 76 81 96 99 100 104 105 106 219 221 228 229 230 232 243 245 324 325 326 376 377 394 395 396 397 399 400
6rwd;A;GSH;137 138 174
4pvr;A;GLY;10 11 62 165 166 167 168 188 219 220
8bp9;BBB;ASP GLY;179 197 199 200 207 209 210 211 230 231 232 233
3rj3;F;GAL SIA;1169 1181 1182 1183 1184 1188 1189 1190 1191 1195 1196 1197 1198 1215
1fd9;A;9QN WRL;131 141 142 153 157 158 159 162 185 188 193 194 200 202
1u4p;A;UAP;3 4 7 8 9 31
5lcc;A;AR6 ADP;15 16 17 18 28 29 30 34 35 36 37 38 39 40 42 127 128 129 130 131 132 133 134 164 166 170
7ec1;B;UDP;13 15 18 327 329 334 358 359 384 385 386 387 389 406 409 410 411 414
5gmo;A;NAP;9 10 11 12 13 14 34 38 56 58 59 80 81 82 83 84 94 98 123 124 125 126 163 167 192 193 194 195 210 211 212
8jqk;A;AMP;19 21 22 23 44 72 91 92 93 94 95 222
6hl0;A;JN3 D5H OKI 0X0 635 9MS XAW 9LS 9NP 9R0 9M1 9KV 9NJ MUF 9L1 9L7 9LV FEX 9MP 9NA OOK XX9 9N7 9NM 9N1 XD5 OMM XD4 9MY 9NG 9ND 9LA 9L4 9LP 9MM 9MD OOF 9M4 FEZ OMK 9N4 9O1 IUS 89P OLF 9LY 9MA;263 264 265 266 267 269 270 273 278 283 284 286 287 288 290 291 292 293 294 295 297 324 325 328 329 331 332 333 335 336 339 340 341 342 343 344 345 348 349 351 352 355 357 361 362 365 366 369 446 447 448 450 451 452 454 455 460 461 462 465 466 469
8pfp;A;X1L;570 571 572 704 705 706 711 725 726 727 728 845 846 849 895 898 913 916 917 918 919 920
4gf1;B;G9L;280 281 284 285 340 341 342 387 388 389 398 429 431
5nch;B;AKG;95 97 99 107 110 112 144 172 210 211 212 221 223 225
1rq2;B;GDP;17 18 19 22 41 101 102 103 104 105 106 107 108 132 136 140 163 180 183 184 187
7pld;B;XYP;185 186 187 188 189 219 223 224 225
2ckq;B;U6H;116 117 124 144 146 194 206 207 208 209 211 212 213 310 313 329 330
3nsu;A;I4D;480 481 557 558 559
5z0a;B;TTP;6 7 8 9 10 11 12 13 23 73 78 79 80 83 99 179 181 344
7el8;A;ATP;13 14 15 17 22 24 25 28 29 152 153 154 155 156 189 190 191 192 201 202 203 204 205
4goj;C;NT6;91 93 131 133 137 138 143 145 163 165 172 173 175 194 196 197 199 207 214 234 236
8elm;A;JBC MBV 9ZZ JBO A80 A0B LUM;14 77 78 79 80 81 111 112 113 116 122 124 125 128 132 151 152 153 154 170 174 175 200
4u0m;B;TLL;37 40 41 44 106 107 108 109 110 111 137 199 241 242 245 260 262
2wgb;A;PRL;67 70 71 74 106 121 122 123 124 125 148 152
1t8t;A;SGN;190 259 260
1xt3;B;SFT;5 12 13 15 16 18 22 35 36 37 38 39 43 44
3dlm;A;YOH 6S4 XRU;79 80 81 84 86 88 108 110 112 169 174 187 190 192 193 195 196 197 198
6qfl;A;6HF OQ8 SU9 FU6 2I5 OQ2 95U 862 J0E IHH 2GI 8E8 6HL 24N;141 142 143 144 145 148 150 152 163 164 165 178 179 182 183 186 195 196 210 212 213 214 215 216 217 218 220 221 249 255 256 257 258 263 266 275 276 277 278
6qfl;A;1E8;120 121 122 131 133 136 138 151 153 164 166 200 201 202 209 211
4wjx;A;QGB;27 58 99 138 140 183 210 212 213 267 269 295 297 300 301 302 356 358 362
5z67;A;AGS;12 13 31 32 33 34 35 36 37 38 53 59 60 61 62 63 315 316 341
5hi5;B;U5Q;46 47 48 77 78 79 80 81 87
1r8j;A;BNT;58 59 60 61 62 63 64 65 85 86
1yl5;B;PDC NAP NAI NDP;6 7 9 10 11 12 13 32 33 34 52 53 55 57 61 75 76 77 102 103 104 105 132 133 136 138 141 142 143 192 214 217
1snd;B;THP;21 35 36 37 39 40 80 83 84 85 87 89 113
1vk4;A;MDN;171 173 204 229 230 231 232 233 234
5ddt;B;CTP;8 9 10 11 12 13 14 15 22 23 80 81 82 83 86 104 105 106 209
7g8e;B;UWS;434 445 446 447 448
6ro0;G;9XR;8 9 10 11 12 13 24 25 26 35 36 37 38 41 42 52 53 54 59 60 63 129 130 131
5nin;B;85H;19 27 32 36 39 41 51 52 63 68 71 72 75 76 81 84 85 87 88 145 146
3me0;A;XC2;32 56 57 58 93 96
3vw1;A;JN3 CHD;59 63 66 70 81 85 88 92 106 110 134 136 137 139 140 148 152 155 156
4nqt;A;BMA;241 243 301
3cvm;B;GDE EMJ;41 45 79 93 94 95 117 118 119 120 122 139 143
3cvm;B;RV2;98 110 111 114 118 119 120 121 122 123 124 135 139
6w3c;C;4K7;580 581 582 584 599 601 605 608 609 610 612 613 616 625 626 627 628 640 642 679 684 685 686 687 688 709 710 711
1lug;A;B17 B30 U77 B22 EVF 6M9;2 3 4 5 6 8 10 11 12 15 16 18 19 20 200
4nb3;B;1DZ 1EJ 1EK;31 33 34 43 54 55 56 57 87 89 91 92 93 94
6g80;B;SAH;19 20 21 44 46 47 48 49 50 51 52 53 70 71 72 73 74 75 76 79 100 122 123 124 125 139 141 142 143 148 151
3asy;A;C5P CTN;15 16 19 40 43 59 60 88 90 93 113 142 145 150 152 160 165
3jxs;C;XYP;69 110 112 115 146
2w5h;A;5R1 T3M WCX WI2 XK3 OL2 4SP EQH JUP 7GJ BX1 VGK NU6;14 15 16 17 19 22 35 37 68 70 86 87 88 89 90 91 92 93 96 145 146 148 158 159 160
4c6b;A;NCD DOR;1471 1473 1475 1505 1556 1558 1562 1563 1564 1590 1614 1641 1660 1661 1662 1686 1688 1690 1702 1703 1704
2xe6;A;ADP;213 214 215 219 237 238 241 256 312 313 336 337 338 339 340 341 342 343 371 372 373 374 375 395 396
6gso;C;GXV;43 44 132 155 157 198 241 242 245
7xzn;C;ATP;6 68 69 70 71 72 73 74 111 112 113 381 382 383 384 411
6c4t;A;8UX;215 239 285 319 336 339
3blj;B;8D2 KMW 3JD IAJ 1O7 I5F;536 537 538 554 556 557 558 559 560 561 562 563 564 569 570 571 576 577 582 637
3f99;A;PVS PSY CSN;229 232 290 356 357 402 403 404 405 406 407 408 409 410 443 446 450
6bzi;C;FAD;42 43 174 175 176 197 199 239 304 306 321 325 328
6i5g;B;HD2;339 362 363 364 366 369 371 374 375 378 381 384 469 502 503 506
6p5b;C;N2F BY1;78 79 80 81 85 86 87 121 122 123
7crm;C;SIS PAR;42 54 55 59 105 106 107 141 142 143 144 145 176 177 178 179 180 208 210
6cww;B;MNH;96 120 121 122 123 124 183 185
4la5;A;GST LA6 0FV;190 193 194 197 274 278 300 303 304 305 307 308 342 345 349 352 353 360 433 434
5nia;A;848 A1H3S 80G 8KW OVO 3IP RE2 STL 22F 1V6 BGK 11X RZN OD6;134 136 137 267 311 312 313 314 315 356 362 363 364 365 366 367 369 374 375 377 378 379 381 382
2xq0;A;BU3;172 173 174 175 308 309 623 624 656 657
1e3g;A;MXD;793 796 797 857 858 861
2yd5;A;YYJ;68 69 77 78 99 100
4jmi;A;HRC;148 151 152 153 154 160 164 190 193 197 245
1o73;A;FFN;39 40 41 42 109
5csq;A;SGN;58 59 60 61 62 63
1qrz;C;89M I5Y GGI EUA 89S;581 587 588 603 604 607 608 614 644 646 719 721 724 735 736 737 738 739 740 741 759 760 761 762 763 764 765 766 772 773 774
1qrz;C;I5Q;713 714 715 716 717 719 763 770
3gar;A;NHR NHS;64 85 88 89 90 91 92 97 106 107 108 109 117 118 137 139 140 141 142 143 144 145
8ogr;B;R8V;108 109 112 113 116 134 176 177 178 179 249 253
1h3g;B;GLC BGC;253 342 418 463 464
1h3g;B;GLC BGC;178 180 181 183 274 275 278 417 418 464 466 470
1h3g;B;GLC;183 223 274 278 309 311 312 340 417 418 464 470
7m2g;A;CMM FRG MPE;48 51 54 55 56 58 59 61 62 63 64 65 82 85 89 92 93 96
7m2g;A;MHC;43 44 47 48 51 55 59 90 93 94 98 100 101 102 105
3rmy;D;SLB;1115 1116 1117 1171 1172 1173 1192 1239
6two;AAA;SIA;1117 1252 1266 1267 1276 1278 1279
1a8d;A;GAL;261 316 317 318 319 322 323 324 328 331 332
4n8j;A;COA;85 200 206 224 225 226 227 228 229 230 249 250 280 306 321 322 323 324 325 334 335 337 338 342 343 344 345 346 347 348 351 368 371 372 376 377 378 388
8bdi;I;GLU;201 202 203
1b0i;A;BGC;127 177 202 207 269 270
6aib;A;AMP;4 21 22 24 25 26 29 47 48 49 50 51 52 53 54 84 88
3mwk;A;8OD AMP;3 19 21 23 24 25 28 46 47 48 49 50 51 52 53 87 91
1dkl;A;IHP IHS;16 17 20 23 24 90 92 129 216 219 250 254 267 303 304 305
2e2o;A;ADP;12 115 116 144 199 200 202 203 206 247 248 249 251 252
3seb;A;SIA;41 52 54 62 63 106 107 108 109
2v8j;A;GTR;132 203 293 295 530
2zsu;B;MTA;32 46 48 53 83 84 85 86 87 106 107 108 109 112 143 144 145 146 161 162 163 168 169 172
8cn8;C;LWA;3 289 290 292 293 294
7c1u;A;CO8;34 35 36 136 138 140 144 145 148 242 243 246 270 271 272 273 276 287 313 314 317 318 320 321 345 346 347 348 349 364 366 367
6irx;A;M7G;239 269 270 273 563 593 594 595 596 597 598 642
2pwo;B;1F6;23 24 27 28 30 31 32 33 36 37 40 56 59 60 61 62 65 66 69 138 141 142
4gi3;A;1AX;25 27 115 118 119 120 145 146 147
2h6d;A;TAK;22 30 43 45 77 93 94 95 96 97 98 99 103 104 107 146 156 157 163 164
3brk;X;PYR;43 306 307 308 309 327 328 329
7t4z;B;CQ4 WO4;31 32 33 58 59 60 79 138 139 140 141 142 167 168 169
2exx;B;NAP;11 12 13 14 15 16 36 37 38 41 57 58 59 60 78 79 80 81 82 83 90 93 114 129 133 152 153 154 155 158
2exx;B;NFL;115 120 121 151 263 266 267 268 269
5dcw;A;NAP NAD;36 37 38 39 40 41 64 65 66 67 83 84 85 86 107 108 109 110 121 142 143 144 146 177 178 201 202 203 204 210 211 212 213 342
5dcw;A;TEG XOG 58X;144 145 146 149 152 178 201 203 213 342 345 346 349 352
4tsn;A;PC;16 20 24
5nz1;G;GH8 5TT GFK 5T4 841 2B3 LL5 LL4 WCU 5T0 GGN GJ8 GHK 5TC JPH;76 80 87 90 91 93 94 95 99 102 103 105 106 107 110 114 134 137 138 141 142 145 148 149 152 155 156 159 175 176 179 180 183 184 207 212
4rvs;A;NDP;40 41 42 43 46 125 126 129 132 150 153 154 155 173 174 175 179 194 220 221 224 242 243 244 245 246 267 268 269 270 316 317 319 321 323
3qwa;B;NDP;47 48 49 50 53 131 132 135 139 156 159 160 161 180 181 185 224 225 246 247 248 249 250 270 271 272 273 319 320 322 324 326
6q6j;A;SER;29 46 202
2fp1;A;TSA;49 56 60 67 68 69 72 73 76 102 105 106 109 130 134 137
6zdc;A;GLC;110 122 125 189 195 196 197 365 366 404 406 407
7skt;B;PIO;186 188 192 194 195 196 198 204 238 239 240 241 242 243 259 262 264 278 280 284 288 291 292 295 298 333
5i59;A;QGM;13 16 92 124 125 126 131 176 177 178 179 180 223 224 227 250
4by5;B;XOC FD6 BNQ;30 48 51 52 55 56 64 68 72 85 89 92 103 107 182 183 184
4hr7;A;OA2 L21 LZK LZJ OA4 OA1;131 157 159 169 171 201 202 203 204 207 209 233 236 278 287 437 438
4hr7;A;BTN;92 94 95 96 97 117 122 124
5jht;A;4P9 4KN;26 30 31 33 34 37 122 123 124 150 188 191 192 194 195 196
5mbt;C;DBS PXJ 5LC LCM EHS 8LC 95B;80 97 98 117 118 121 205 226 227 249 252 253 288 289
6m9a;A;HEM;15 116 160 161 164 165 167 168
1pta;A;DPF E9E X3E QMP X3B;55 57 60 106 131 132 169 201 230 254 257 301 303 306 308
1nok;A;IMK;202 203 219 220 221 252 272 275 290 294
3p6e;A;PV6;0 1 4 42 51 86 89 90 91 106 107
2frs;B;LMC;9 12 15 32 33 34 35 37 38 39 132
3bn9;A;GSH;29 114 119 120 121 122 205 206 207
1wjg;A;ATP ACP;8 9 10 12 14 15 36 37 38 87 91 105 106 107 108 109 110 111 112 116 119 120 121 122
5th0;E;SIA;98 134 135 136 137 145 153 155 183 186 190 194 226 228
6mkx;A;ARG;11 13 14 18 52 69 70 71 72 77 117 119 120 121 122 161
5zrn;B;HIS;1 2 3 4 155 178 179 182 183
5u95;B;ATP 4UW;189 190 191 192 193 194 195 196 197 213 237 238 239 243 306 307 308 309 310 311 331 332 333 334 335 336 337 339 340 344 360 418 420 432 435 526
5dv9;A;M24 SLU;218 245 246 247 251 286 313 314 315 316 317 318 337 338 339 340 341 342 343 344 346 347 348 351 362 420 422 434 437 529
3b7w;A;ATP APC;221 222 223 224 225 226 229 337 338 339 340 359 360 361 362 363 364 365 383 444 446 458 461 557
7vtz;A;C8E;2 3 4 50 51 52 55 56 57
2po4;A;ATP GTP G2P POP G AMP;424 559 560 561 562 563 564 565 612 666 670 671 674 675 678 921 925 929 951
4mqe;A;2C0;65 129 130 151 152 153 154 170 201 202 249 250 276 278 279 349
3dpc;B;WO4;51 101 102 153 166 327 328 331 369 370 412
1dte;A;16Y EAC;61 62 63 64 81 82 83 84 85 88 89 92 93 94 110 111 112 147 151
2akr;A;MAN BMA;216 234 235 236 237
3x13;A;FRU;79 82 89
2jdw;A;ALA;98 300 302 303 306 322 353 354 355 357
6inf;A;AQ9;22 25 84 85 87 88 90 91 126 197 199 200 203 284 379
5ed0;C;EPE;8 9 12 42 95 96 97 98 119
4rks;A;ADP;48 62 96 98 100 104 105 106 107 108 109 111 138 185 188
4z7c;A;AGS;45 57 59 64 68 69 72 73 94 106 107 108 110 111 190 194 282
1ad1;A;6MB;16 17 52 84 103 105 126 128 167 170 171 172 176 197 199 202 203 204 219 239
6nfl;A;DC;314 319 320 372
1rkm;A;LYS;32 33 34 276 397 401 404 415 416 436 438
8azb;A;MHI;41 42 43 44 46 121 237 253 273 280 375 377 378 404 408 411 412 420 422 423 424 425 426 443 445 490 492 493 494 512
1uiu;A;9YK BHN L2M L4D BHR QTT EDT BHZ L2D 9YH 6RP;22 23 27 97 100 137 382 385 395 398 402 410 415 416 490
3hsj;A;APC;70 74 77 82 84 88 89 91 92 95 96 97 98 99 109 110 111 112 113 115 116 117 121 124
8vdy;A;7L9;1 2 32 36 38 62 63 64 102 104 107 109
1rf5;D;S3P;20 21 25 93 96 124 165 166 167 168 193 262 311 312 335 339
7etx;A;137;9 13 59 61 64 65 66 93 99 120 122 192 194 197 220 221 222 224 240 241 242 243
6j1h;A;COA;10 11 12 15 131 194 195 256 305 306 308 340 343 344 345 346 347 348 389 391 392 393 413 416 418 419 422 539 542 547
7raw;A;GLC;27 29 38 84 99 121 122
2yzg;C;DAL;13 82 83 87 114 157 158 284
8evv;A;ATP ADP;134 170 172 176 177 178 179 180 182 208 209 210 211 215 233 237 238 239 244 245 284 286 288 298 299 301
8evv;A;DAL;239 244 245 284 305 310 311 312
8evv;A;DS0;18 21 100 105 177 178 179 244 245 284 286 299 301 303 304 305
4d1n;A;8EY;302 303 304 323
7oum;C;5QG MBX DXT FUA 5QE 5QF;134 135 136 139 176 178 179 277 279 286 287 288 326 327 328 569 571 573 610 612 615 616 617 618 619 626 628 630 668
7oum;C;DM2;575 577 616 617 618 624 676 679 681 717 719 815 826 828 829 830 862
7oum;C;DM2;134 566 575 617 664 665 666 667 668 669 672 676 677 715 717 830
1lju;A;MNB;9 39 67 72 78 85 88 89 90 92
1fvr;A;919 RAJ 0CE;830 831 832 833 838 853 854 855 872 875 876 879 885 886 900 902 903 904 905 906 907 908 955 960 962 968 969 971 980 981 982 983 984 987 989
3tpe;A;ATP ADP;67 98 151 152 153 154 155 157 179 181 203 218 233 234 235 236 237 252 309 311 313 314 316 331 332
6puv;A;Q3M;58 89 91 93 102 106 108 114 115 116 122
1c3k;A;MAN;91 92 136
4akd;A;MAN;89 90 91 92 139
4e00;A;U35 WIK WJK;39 40 41 42 45 63 71 169 172 173 176 190 191 235 349 350 351 371 372 373
5t2v;A;NAP;12 13 14 15 16 17 18 36 37 38 41 58 59 60 61 82 83 84 85 86 105 132 133 134 147 151 177 178 179 180 182 183 184 185
8sc0;A;DBH;178 179 211 212 213 214 215 216 243 244 245
3vc7;B;NAP;13 14 15 16 17 18 37 38 39 42 59 60 61 62 87 88 89 90 110 135 136 137 150 154 180 181 182 183 198
4rf5;A;J69;143 144 145 153 156 195 206
2yz7;C;DXX 3HR;94 142 144 152 155 185 186 187 192 193 196 257
4mow;A;NAP;13 14 15 16 17 18 19 36 37 38 39 40 63 64 65 66 91 92 93 94 95 114 139 140 141 154 158 184 185 186 187 189 190 191 192
3oic;D;NDP;11 12 13 14 15 16 17 34 35 36 37 38 61 62 63 64 89 90 91 92 112 139 140 141 151 158 184 185 186 187 189 190 191 192
3u49;A;NDP;10 11 12 13 14 15 33 34 35 36 61 62 63 64 89 90 91 92 113 117 139 140 141 184 185 186 187 189 190 191
5ics;C;6QO;18 19 27 42 44 45 48 52
6cwm;A;D2Y 6LA;35 44 45 46 47 48 63 66 67 93 177
